{"cameraMode":{"drawMode":0,"name":"Shaded","section":"Shading Mode"},"sceneLighting":true,"audioPlay":false,"sceneViewState":{"m_AlwaysRefresh":false,"showFog":true,"showSkybox":true,"showFlares":true,"showImageEffects":true,"showParticleSystems":true,"showVisualEffectGraphs":true,"m_FxEnabled":true},"in2DMode":false,"pivot":{"x":10.009903907775879,"y":12.093513488769532,"z":-0.594268798828125},"rotation":{"x":0.39759793877601626,"y":0.00275267637334764,"z":-0.0011928448220714927,"w":0.9175567626953125},"size":58.44041442871094,"orthographic":false}