{"cameraMode":{"drawMode":0,"name":"Shaded","section":"Shading Mode"},"sceneLighting":true,"audioPlay":false,"sceneViewState":{"m_AlwaysRefresh":false,"showFog":true,"showSkybox":true,"showFlares":true,"showImageEffects":true,"showParticleSystems":true,"showVisualEffectGraphs":true,"m_FxEnabled":true},"in2DMode":false,"pivot":{"x":5.188722133636475,"y":10.014219284057618,"z":-20.086997985839845},"rotation":{"x":-0.22451815009117127,"y":0.020759278908371927,"z":-0.004786539822816849,"w":-0.9742385149002075},"size":27.812891006469728,"orthographic":false}