{"cameraMode":{"drawMode":0,"name":"Shaded","section":"Shading Mode"},"sceneLighting":true,"audioPlay":false,"sceneViewState":{"m_AlwaysRefresh":false,"showFog":true,"showSkybox":true,"showFlares":true,"showImageEffects":true,"showParticleSystems":true,"showVisualEffectGraphs":true,"m_FxEnabled":true},"in2DMode":false,"pivot":{"x":1.7705321311950684,"y":3.2641940116882326,"z":30.368942260742189},"rotation":{"x":0.004334496799856424,"y":-0.6914418935775757,"z":0.004148697014898062,"w":0.7224074602127075},"size":3.603055953979492,"orthographic":false}