{"cameraMode":{"drawMode":0,"name":"Shaded","section":"Shading Mode"},"sceneLighting":true,"audioPlay":false,"sceneViewState":{"m_AlwaysRefresh":false,"showFog":true,"showSkybox":true,"showFlares":true,"showImageEffects":true,"showParticleSystems":true,"showVisualEffectGraphs":true,"m_FxEnabled":true},"in2DMode":false,"pivot":{"x":0.6784484386444092,"y":2.949676513671875,"z":12.454105377197266},"rotation":{"x":-0.3494982421398163,"y":-0.03596849367022514,"z":0.013428396545350552,"w":-0.9361515045166016},"size":65.62701416015625,"orthographic":false}