{"cameraMode":{"drawMode":0,"name":"Shaded","section":"Shading Mode"},"sceneLighting":true,"audioPlay":false,"sceneViewState":{"m_AlwaysRefresh":false,"showFog":true,"showSkybox":true,"showFlares":true,"showImageEffects":true,"showParticleSystems":true,"showVisualEffectGraphs":true,"m_FxEnabled":true},"in2DMode":false,"pivot":{"x":1.645133137702942,"y":4.745830535888672,"z":25.81061363220215},"rotation":{"x":0.4167765974998474,"y":-0.0027270219288766386,"z":0.0012503337347880006,"w":0.9090045094490051},"size":28.072532653808595,"orthographic":false}